{
	"song": {
		"player1": "bf-pixel-cam",
		"notes": [
			{
				"sectionNotes": [
					[
						0,
						3,
						166.666666666667
					],
					[
						333.333333333333,
						0,
						166.666666666667
					],
					[
						666.666666666667,
						1,
						0
					],
					[
						833.333333333333,
						3,
						0
					],
					[
						1000,
						2,
						0
					],
					[
						1166.66666666667,
						0,
						166.666666666667
					],
					[
						166.666666666667,
						-1,
						"handlerTextBox",
						"",
						""
					],
					[
						0,
						-1,
						"handlerUndertale",
						"",
						""
					]
				],
				"lengthInSteps": 16,
				"mustHitSection": false
			},
			{
				"sectionNotes": [
					[
						1500,
						1,
						0
					],
					[
						1666.66666666667,
						3,
						0
					],
					[
						1833.33333333333,
						0,
						166.666666666667
					],
					[
						2166.66666666667,
						1,
						0
					],
					[
						2333.33333333333,
						3,
						0
					],
					[
						2500,
						1,
						0
					]
				],
				"lengthInSteps": 16,
				"mustHitSection": false
			},
			{
				"sectionNotes": [
					[
						2666.66666666667,
						2,
						166.666666666667
					],
					[
						3000,
						0,
						0
					],
					[
						3166.66666666667,
						2,
						0
					],
					[
						3500,
						3,
						0
					],
					[
						3666.66666666667,
						1,
						333.333333333333
					]
				],
				"lengthInSteps": 16,
				"mustHitSection": false
			},
			{
				"sectionNotes": [
					[
						4166.66666666667,
						0,
						0
					],
					[
						4333.33333333333,
						1,
						0
					],
					[
						4500,
						3,
						0
					],
					[
						4666.66666666667,
						2,
						0
					],
					[
						4833.33333333333,
						3,
						0
					],
					[
						5000,
						0,
						0
					],
					[
						5166.66666666667,
						3,
						0
					]
				],
				"lengthInSteps": 16,
				"mustHitSection": false
			},
			{
				"sectionNotes": [
					[
						5333.33333333333,
						3,
						166.666666666667
					],
					[
						5666.66666666667,
						0,
						166.666666666667
					],
					[
						6000,
						1,
						0
					],
					[
						6166.66666666667,
						3,
						0
					],
					[
						6333.33333333333,
						2,
						0
					],
					[
						6500,
						0,
						166.666666666667
					]
				],
				"lengthInSteps": 16,
				"mustHitSection": true
			},
			{
				"sectionNotes": [
					[
						6833.33333333333,
						1,
						0
					],
					[
						7000,
						3,
						0
					],
					[
						7166.66666666667,
						0,
						166.666666666667
					],
					[
						7500,
						1,
						0
					],
					[
						7666.66666666667,
						3,
						0
					],
					[
						7833.33333333333,
						1,
						0
					]
				],
				"lengthInSteps": 16,
				"mustHitSection": true
			},
			{
				"sectionNotes": [
					[
						8000,
						2,
						166.666666666667
					],
					[
						8333.33333333333,
						0,
						0
					],
					[
						8500,
						2,
						0
					],
					[
						8833.33333333333,
						3,
						0
					],
					[
						9000,
						1,
						333.333333333333
					]
				],
				"lengthInSteps": 16,
				"mustHitSection": true
			},
			{
				"sectionNotes": [
					[
						9500,
						0,
						0
					],
					[
						9666.66666666667,
						1,
						0
					],
					[
						9833.33333333333,
						3,
						0
					],
					[
						10000,
						2,
						0
					],
					[
						10166.6666666667,
						3,
						0
					],
					[
						10333.3333333333,
						0,
						0
					],
					[
						10500,
						3,
						0
					]
				],
				"lengthInSteps": 16,
				"mustHitSection": true
			},
			{
				"sectionNotes": [
					[
						11333.3333333333,
						1,
						0
					],
					[
						11500,
						3,
						0
					],
					[
						11666.6666666667,
						2,
						0
					],
					[
						10666.6666666667,
						0,
						166.666666666667
					],
					[
						11000,
						3,
						166.666666666667
					],
					[
						11833.3333333333,
						1,
						166.666666666667
					]
				],
				"lengthInSteps": 16,
				"mustHitSection": false
			},
			{
				"sectionNotes": [
					[
						12166.6666666667,
						1,
						0
					],
					[
						12333.3333333333,
						3,
						0
					],
					[
						12500,
						0,
						166.666666666667
					],
					[
						12833.3333333333,
						1,
						0
					],
					[
						13166.6666666667,
						1,
						0
					],
					[
						13000,
						3,
						0
					]
				],
				"lengthInSteps": 16,
				"mustHitSection": false
			},
			{
				"sectionNotes": [
					[
						13333.3333333333,
						2,
						166.666666666667
					],
					[
						13666.6666666667,
						0,
						0
					],
					[
						13833.3333333333,
						2,
						0
					],
					[
						14166.6666666667,
						3,
						0
					],
					[
						14333.3333333333,
						1,
						333.333333333333
					]
				],
				"lengthInSteps": 16,
				"mustHitSection": false
			},
			{
				"sectionNotes": [
					[
						14833.3333333333,
						0,
						0
					],
					[
						15000,
						1,
						0
					],
					[
						15166.6666666667,
						3,
						0
					],
					[
						15333.3333333333,
						2,
						0
					],
					[
						15500,
						3,
						0
					],
					[
						15666.6666666667,
						0,
						0
					],
					[
						15833.3333333333,
						2,
						0
					]
				],
				"lengthInSteps": 16,
				"mustHitSection": false
			},
			{
				"sectionNotes": [
					[
						16666.6666666667,
						1,
						0
					],
					[
						16833.3333333333,
						3,
						0
					],
					[
						17000,
						2,
						0
					],
					[
						16000,
						0,
						166.666666666667
					],
					[
						16333.3333333333,
						3,
						166.666666666667
					],
					[
						17166.6666666667,
						1,
						166.666666666667
					]
				],
				"lengthInSteps": 16,
				"mustHitSection": true
			},
			{
				"sectionNotes": [
					[
						17500,
						1,
						0
					],
					[
						17666.6666666667,
						3,
						0
					],
					[
						17833.3333333333,
						0,
						166.666666666667
					],
					[
						18166.6666666667,
						1,
						0
					],
					[
						18500,
						1,
						0
					],
					[
						18333.3333333333,
						3,
						0
					]
				],
				"lengthInSteps": 16,
				"mustHitSection": true
			},
			{
				"sectionNotes": [
					[
						18666.6666666667,
						2,
						166.666666666667
					],
					[
						19000,
						0,
						0
					],
					[
						19166.6666666667,
						2,
						0
					],
					[
						19500,
						3,
						0
					],
					[
						19666.6666666667,
						1,
						333.333333333333
					]
				],
				"lengthInSteps": 16,
				"mustHitSection": true
			},
			{
				"sectionNotes": [
					[
						20166.6666666667,
						0,
						0
					],
					[
						20333.3333333333,
						1,
						0
					],
					[
						20500,
						3,
						0
					],
					[
						20666.6666666667,
						2,
						0
					],
					[
						20833.3333333333,
						3,
						0
					],
					[
						21000,
						0,
						0
					],
					[
						21166.6666666667,
						2,
						0
					]
				],
				"lengthInSteps": 16,
				"mustHitSection": true
			},
			{
				"sectionNotes": [],
				"lengthInSteps": 16,
				"mustHitSection": false
			},
			{
				"sectionNotes": [],
				"lengthInSteps": 16,
				"mustHitSection": true
			},
			{
				"sectionNotes": [
					[
						24000,
						3,
						166.666666666667
					],
					[
						24333.3333333333,
						0,
						166.666666666667
					],
					[
						24666.6666666667,
						1,
						0
					],
					[
						24833.3333333333,
						3,
						0
					],
					[
						25000,
						2,
						0
					],
					[
						25166.6666666667,
						0,
						166.666666666667
					]
				],
				"lengthInSteps": 16,
				"mustHitSection": false
			},
			{
				"sectionNotes": [
					[
						25500,
						1,
						0
					],
					[
						25666.6666666667,
						3,
						0
					],
					[
						25833.3333333333,
						0,
						166.666666666667
					],
					[
						26166.6666666667,
						1,
						0
					],
					[
						26333.3333333333,
						3,
						0
					],
					[
						26500,
						1,
						0
					]
				],
				"lengthInSteps": 16,
				"mustHitSection": false
			},
			{
				"sectionNotes": [
					[
						26666.6666666667,
						2,
						166.666666666667
					],
					[
						27000,
						0,
						0
					],
					[
						27166.6666666667,
						2,
						0
					],
					[
						27500,
						3,
						0
					],
					[
						27666.6666666667,
						1,
						333.333333333333
					]
				],
				"lengthInSteps": 16,
				"mustHitSection": false
			},
			{
				"sectionNotes": [
					[
						28166.6666666667,
						0,
						0
					],
					[
						28333.3333333333,
						1,
						0
					],
					[
						28500,
						3,
						0
					],
					[
						28666.6666666667,
						2,
						0
					],
					[
						28833.3333333333,
						3,
						0
					],
					[
						29000,
						0,
						0
					],
					[
						29166.6666666667,
						3,
						0
					]
				],
				"lengthInSteps": 16,
				"mustHitSection": false
			},
			{
				"sectionNotes": [
					[
						29333.3333333333,
						3,
						166.666666666667
					],
					[
						29666.6666666667,
						0,
						166.666666666667
					],
					[
						30000,
						1,
						0
					],
					[
						30166.6666666667,
						3,
						0
					],
					[
						30333.3333333333,
						2,
						0
					],
					[
						30500,
						0,
						166.666666666667
					]
				],
				"lengthInSteps": 16,
				"mustHitSection": true
			},
			{
				"sectionNotes": [
					[
						30833.3333333333,
						1,
						0
					],
					[
						31000,
						3,
						0
					],
					[
						31166.6666666667,
						0,
						166.666666666667
					],
					[
						31500,
						1,
						0
					],
					[
						31666.6666666667,
						3,
						0
					],
					[
						31833.3333333333,
						1,
						0
					]
				],
				"lengthInSteps": 16,
				"mustHitSection": true
			},
			{
				"sectionNotes": [
					[
						32000,
						2,
						166.666666666667
					],
					[
						32333.3333333333,
						0,
						0
					],
					[
						32500,
						2,
						0
					],
					[
						32833.3333333333,
						3,
						0
					],
					[
						33000,
						1,
						333.333333333333
					]
				],
				"lengthInSteps": 16,
				"mustHitSection": true
			},
			{
				"sectionNotes": [
					[
						33500,
						0,
						0
					],
					[
						33666.6666666667,
						1,
						0
					],
					[
						33833.3333333333,
						3,
						0
					],
					[
						34000,
						2,
						0
					],
					[
						34166.6666666667,
						3,
						0
					],
					[
						34333.3333333333,
						0,
						0
					],
					[
						34500,
						3,
						0
					]
				],
				"lengthInSteps": 16,
				"mustHitSection": true
			},
			{
				"sectionNotes": [
					[
						35333.3333333333,
						1,
						0
					],
					[
						35500,
						3,
						0
					],
					[
						35666.6666666667,
						2,
						0
					],
					[
						34666.6666666667,
						0,
						166.666666666667
					],
					[
						35000,
						3,
						166.666666666667
					],
					[
						35833.3333333333,
						1,
						166.666666666667
					]
				],
				"lengthInSteps": 16,
				"mustHitSection": false
			},
			{
				"sectionNotes": [
					[
						36166.6666666667,
						1,
						0
					],
					[
						36333.3333333333,
						3,
						0
					],
					[
						36500,
						0,
						166.666666666667
					],
					[
						36833.3333333333,
						1,
						0
					],
					[
						37166.6666666667,
						1,
						0
					],
					[
						37000,
						3,
						0
					]
				],
				"lengthInSteps": 16,
				"mustHitSection": false
			},
			{
				"sectionNotes": [
					[
						37333.3333333333,
						2,
						166.666666666667
					],
					[
						37666.6666666667,
						0,
						0
					],
					[
						37833.3333333333,
						2,
						0
					],
					[
						38166.6666666667,
						3,
						0
					],
					[
						38333.3333333333,
						1,
						333.333333333333
					]
				],
				"lengthInSteps": 16,
				"mustHitSection": false
			},
			{
				"sectionNotes": [
					[
						38833.3333333333,
						0,
						0
					],
					[
						39000,
						1,
						0
					],
					[
						39166.6666666667,
						3,
						0
					],
					[
						39333.3333333333,
						2,
						0
					],
					[
						39500,
						3,
						0
					],
					[
						39666.6666666667,
						0,
						0
					],
					[
						39833.3333333333,
						2,
						0
					]
				],
				"lengthInSteps": 16,
				"mustHitSection": false
			},
			{
				"sectionNotes": [
					[
						40666.6666666667,
						1,
						0
					],
					[
						40833.3333333333,
						3,
						0
					],
					[
						41000,
						2,
						0
					],
					[
						40000,
						0,
						166.666666666667
					],
					[
						40333.3333333333,
						3,
						166.666666666667
					],
					[
						41166.6666666667,
						1,
						166.666666666667
					]
				],
				"lengthInSteps": 16,
				"mustHitSection": true
			},
			{
				"sectionNotes": [
					[
						41500,
						1,
						0
					],
					[
						41666.6666666667,
						3,
						0
					],
					[
						41833.3333333333,
						0,
						166.666666666667
					],
					[
						42166.6666666667,
						1,
						0
					],
					[
						42500,
						1,
						0
					],
					[
						42333.3333333333,
						3,
						0
					]
				],
				"lengthInSteps": 16,
				"mustHitSection": true
			},
			{
				"lengthInSteps": 16,
				"typeOfSection": 0,
				"sectionNotes": [
					[
						42666.6666666667,
						2,
						166.666666666667
					],
					[
						43000,
						0,
						0
					],
					[
						43166.6666666667,
						2,
						0
					],
					[
						43500,
						3,
						0
					],
					[
						43666.6666666667,
						1,
						333.333333333333
					]
				],
				"altAnim": false,
				"bpm": 100,
				"changeBPM": false,
				"mustHitSection": true
			},
			{
				"lengthInSteps": 16,
				"typeOfSection": 0,
				"sectionNotes": [
					[
						44166.6666666667,
						0,
						0
					],
					[
						44333.3333333333,
						1,
						0
					],
					[
						44500,
						3,
						0
					],
					[
						44666.6666666667,
						2,
						0
					],
					[
						44833.3333333333,
						3,
						0
					],
					[
						45000,
						0,
						0
					],
					[
						45166.6666666667,
						2,
						0
					]
				],
				"altAnim": false,
				"bpm": 180,
				"changeBPM": false,
				"mustHitSection": true
			},
			{
				"lengthInSteps": 16,
				"typeOfSection": 0,
				"sectionNotes": [],
				"altAnim": false,
				"bpm": 180,
				"changeBPM": false,
				"mustHitSection": false
			},
			{
				"lengthInSteps": 16,
				"typeOfSection": 0,
				"sectionNotes": [
					[
						46666.6666666667,
						-1,
						"boxOpen",
						"keys",
						""
					]
				],
				"altAnim": false,
				"bpm": 180,
				"changeBPM": false,
				"mustHitSection": true
			},
			{
				"lengthInSteps": 16,
				"typeOfSection": 0,
				"sectionNotes": [
					[
						48000,
						3,
						0
					],
					[
						48333.3333333334,
						2,
						0
					],
					[
						48333.3333333334,
						0,
						0
					],
					[
						48500,
						1,
						0
					],
					[
						48833.3333333334,
						0,
						0
					],
					[
						49000,
						1,
						0
					],
					[
						49166.6666666667,
						2,
						0
					],
					[
						48000,
						-1,
						"setAttack",
						"leftrng",
						""
					]
				],
				"altAnim": false,
				"bpm": 180,
				"changeBPM": false,
				"mustHitSection": false
			},
			{
				"lengthInSteps": 16,
				"typeOfSection": 0,
				"sectionNotes": [
					[
						49333.3333333334,
						3,
						166.666666666667
					],
					[
						49833.3333333334,
						0,
						0
					],
					[
						50166.6666666667,
						3,
						0
					],
					[
						50333.3333333334,
						2,
						0
					],
					[
						50500,
						2,
						0
					],
					[
						49666.6666666667,
						1,
						0
					]
				],
				"altAnim": false,
				"bpm": 180,
				"changeBPM": false,
				"mustHitSection": false
			},
			{
				"lengthInSteps": 16,
				"typeOfSection": 0,
				"sectionNotes": [
					[
						50666.6666666667,
						1,
						166.666666666667
					],
					[
						51000,
						0,
						0
					],
					[
						51166.6666666667,
						3,
						0
					],
					[
						51500,
						2,
						0
					],
					[
						51833.3333333334,
						1,
						166.666666666667
					]
				],
				"altAnim": false,
				"bpm": 180,
				"changeBPM": false,
				"mustHitSection": false
			},
			{
				"lengthInSteps": 16,
				"typeOfSection": 0,
				"sectionNotes": [
					[
						52166.6666666667,
						3,
						0
					],
					[
						52333.3333333334,
						0,
						0
					],
					[
						52500,
						2,
						166.666666666667
					],
					[
						52833.3333333334,
						1,
						0
					],
					[
						53000,
						0,
						0
					],
					[
						53166.6666666667,
						1,
						0
					]
				],
				"altAnim": false,
				"bpm": 180,
				"changeBPM": false,
				"mustHitSection": false
			},
			{
				"lengthInSteps": 16,
				"typeOfSection": 0,
				"sectionNotes": [
					[
						53333.3333333334,
						2,
						0
					],
					[
						53500,
						0,
						0
					],
					[
						53666.6666666667,
						1,
						0
					],
					[
						53833.3333333334,
						3,
						0
					],
					[
						54000,
						2,
						0
					],
					[
						54166.6666666667,
						0,
						0
					],
					[
						54333.3333333334,
						1,
						0
					],
					[
						54500,
						3,
						0
					],
					[
						53333.3333333334,
						-1,
						"setAttack",
						"twirl",
						""
					]
				],
				"altAnim": false,
				"bpm": 180,
				"changeBPM": false,
				"mustHitSection": false
			},
			{
				"lengthInSteps": 16,
				"typeOfSection": 0,
				"sectionNotes": [
					[
						54666.6666666667,
						1,
						166.666666666667
					],
					[
						55000,
						3,
						0
					],
					[
						55166.6666666667,
						0,
						0
					],
					[
						55500,
						0,
						0
					],
					[
						55666.6666666667,
						3,
						0
					],
					[
						55833.3333333334,
						1,
						0
					]
				],
				"altAnim": false,
				"bpm": 180,
				"changeBPM": false,
				"mustHitSection": false
			},
			{
				"lengthInSteps": 16,
				"typeOfSection": 0,
				"sectionNotes": [
					[
						56000,
						2,
						0
					],
					[
						56333.3333333334,
						1,
						0
					],
					[
						56500,
						0,
						0
					],
					[
						56666.6666666667,
						3,
						0
					],
					[
						56833.3333333334,
						0,
						0
					],
					[
						57166.6666666667,
						2,
						166.666666666667
					],
					[
						56000,
						-1,
						"setAttack",
						"leftsine",
						""
					]
				],
				"altAnim": false,
				"bpm": 180,
				"changeBPM": false,
				"mustHitSection": false
			},
			{
				"lengthInSteps": 16,
				"typeOfSection": 0,
				"sectionNotes": [
					[
						57500,
						3,
						0
					],
					[
						57666.6666666667,
						0,
						0
					],
					[
						57833.3333333334,
						2,
						0
					],
					[
						58166.6666666667,
						2,
						0
					],
					[
						58333.3333333334,
						0,
						0
					],
					[
						58500,
						1,
						0
					],
					[
						58166.6666666667,
						-1,
						"boxClose",
						"",
						""
					]
				],
				"altAnim": false,
				"bpm": 180,
				"changeBPM": false,
				"mustHitSection": false
			},
			{
				"lengthInSteps": 16,
				"typeOfSection": 0,
				"sectionNotes": [
					[
						58666.6666666667,
						7,
						583.333333333333
					],
					[
						58666.6666666667,
						3,
						0
					],
					[
						59000,
						2,
						0
					],
					[
						59000,
						0,
						0
					],
					[
						59166.6666666667,
						1,
						0
					],
					[
						59500,
						0,
						0
					],
					[
						59666.6666666667,
						1,
						0
					],
					[
						59833.3333333333,
						2,
						0
					]
				],
				"altAnim": false,
				"bpm": 180,
				"changeBPM": false,
				"mustHitSection": true
			},
			{
				"lengthInSteps": 16,
				"typeOfSection": 0,
				"sectionNotes": [
					[
						60000,
						3,
						166.666666666667
					],
					[
						60500,
						0,
						0
					],
					[
						60833.3333333334,
						3,
						0
					],
					[
						61000,
						2,
						0
					],
					[
						61166.6666666667,
						2,
						0
					],
					[
						60333.3333333334,
						1,
						0
					]
				],
				"altAnim": false,
				"bpm": 180,
				"changeBPM": false,
				"mustHitSection": true
			},
			{
				"lengthInSteps": 16,
				"typeOfSection": 0,
				"sectionNotes": [
					[
						61333.3333333334,
						1,
						166.666666666667
					],
					[
						61666.6666666667,
						0,
						0
					],
					[
						61833.3333333334,
						3,
						0
					],
					[
						62166.6666666667,
						2,
						0
					],
					[
						62500,
						1,
						166.666666666667
					]
				],
				"altAnim": false,
				"bpm": 180,
				"changeBPM": false,
				"mustHitSection": true
			},
			{
				"lengthInSteps": 16,
				"typeOfSection": 0,
				"sectionNotes": [
					[
						62833.3333333334,
						3,
						0
					],
					[
						63000,
						0,
						0
					],
					[
						63166.6666666667,
						2,
						166.666666666667
					],
					[
						63500,
						1,
						0
					],
					[
						63666.6666666667,
						0,
						0
					],
					[
						63833.3333333334,
						1,
						0
					]
				],
				"altAnim": false,
				"bpm": 180,
				"changeBPM": false,
				"mustHitSection": true
			},
			{
				"lengthInSteps": 16,
				"typeOfSection": 0,
				"sectionNotes": [
					[
						64000,
						2,
						0
					],
					[
						64166.6666666667,
						0,
						0
					],
					[
						64333.3333333334,
						1,
						0
					],
					[
						64500,
						3,
						0
					],
					[
						64666.6666666667,
						2,
						0
					],
					[
						64833.3333333334,
						0,
						0
					],
					[
						65000,
						1,
						0
					],
					[
						65166.6666666667,
						3,
						0
					]
				],
				"altAnim": false,
				"bpm": 180,
				"changeBPM": false,
				"mustHitSection": true
			},
			{
				"lengthInSteps": 16,
				"typeOfSection": 0,
				"sectionNotes": [
					[
						65333.3333333334,
						1,
						166.666666666667
					],
					[
						65666.6666666667,
						3,
						0
					],
					[
						65833.3333333334,
						0,
						0
					],
					[
						66166.6666666667,
						0,
						0
					],
					[
						66333.3333333334,
						3,
						0
					],
					[
						66500,
						1,
						0
					]
				],
				"altAnim": false,
				"bpm": 180,
				"changeBPM": false,
				"mustHitSection": true
			},
			{
				"lengthInSteps": 16,
				"typeOfSection": 0,
				"sectionNotes": [
					[
						66666.6666666667,
						2,
						0
					],
					[
						67000,
						1,
						0
					],
					[
						67166.6666666667,
						0,
						0
					],
					[
						67333.3333333334,
						3,
						0
					],
					[
						67500,
						0,
						0
					],
					[
						67833.3333333334,
						2,
						166.666666666667
					]
				],
				"altAnim": false,
				"bpm": 180,
				"changeBPM": false,
				"mustHitSection": true
			},
			{
				"lengthInSteps": 16,
				"typeOfSection": 0,
				"sectionNotes": [
					[
						68166.6666666667,
						3,
						0
					],
					[
						68333.3333333334,
						0,
						0
					],
					[
						68500,
						2,
						0
					],
					[
						68833.3333333334,
						2,
						0
					],
					[
						69000,
						0,
						0
					],
					[
						69166.6666666667,
						1,
						0
					]
				],
				"altAnim": false,
				"bpm": 180,
				"changeBPM": false,
				"mustHitSection": true
			},
			{
				"lengthInSteps": 16,
				"typeOfSection": 0,
				"sectionNotes": [
					[
						69333.3333333334,
						7,
						583.333333333333
					],
					[
						69333.3333333334,
						0,
						0
					],
					[
						69500,
						3,
						0
					],
					[
						69666.6666666667,
						2,
						0
					],
					[
						69833.3333333334,
						3,
						0
					],
					[
						70000,
						0,
						0
					],
					[
						70166.6666666667,
						3,
						0
					],
					[
						70333.3333333334,
						2,
						0
					],
					[
						70500,
						3,
						0
					],
					[
						69916.6666666667,
						-1,
						"boxOpen",
						"hops",
						""
					]
				],
				"altAnim": false,
				"bpm": 180,
				"changeBPM": false,
				"mustHitSection": false
			},
			{
				"lengthInSteps": 16,
				"typeOfSection": 0,
				"sectionNotes": [
					[
						70666.6666666667,
						1,
						0
					],
					[
						70833.3333333334,
						3,
						0
					],
					[
						71000,
						2,
						0
					],
					[
						71166.6666666667,
						0,
						0
					],
					[
						71333.3333333334,
						3,
						0
					],
					[
						71500,
						1,
						0
					],
					[
						71666.6666666667,
						0,
						0
					],
					[
						71833.3333333334,
						2,
						0
					]
				],
				"altAnim": false,
				"bpm": 180,
				"changeBPM": false,
				"mustHitSection": false
			},
			{
				"lengthInSteps": 16,
				"typeOfSection": 0,
				"sectionNotes": [
					[
						72000,
						1,
						0
					],
					[
						72166.6666666667,
						0,
						0
					],
					[
						72333.3333333334,
						1,
						0
					],
					[
						72500,
						3,
						0
					],
					[
						72666.6666666667,
						1,
						0
					],
					[
						73000,
						1,
						0
					],
					[
						72833.3333333334,
						3,
						0
					],
					[
						73166.6666666667,
						2,
						0
					]
				],
				"altAnim": false,
				"bpm": 180,
				"changeBPM": false,
				"mustHitSection": false
			},
			{
				"lengthInSteps": 16,
				"typeOfSection": 0,
				"sectionNotes": [
					[
						73333.3333333334,
						0,
						0
					],
					[
						73500,
						0,
						0
					],
					[
						73666.6666666667,
						3,
						0
					],
					[
						73833.3333333334,
						2,
						0
					],
					[
						74000,
						0,
						0
					],
					[
						74166.6666666667,
						1,
						0
					],
					[
						74333.3333333334,
						3,
						0
					],
					[
						74500,
						1,
						0
					],
					[
						74416.6666666667,
						-1,
						"boxClose",
						"hops",
						""
					]
				],
				"altAnim": false,
				"bpm": 180,
				"changeBPM": false,
				"mustHitSection": false
			},
			{
				"lengthInSteps": 16,
				"typeOfSection": 0,
				"sectionNotes": [
					[
						74666.6666666667,
						0,
						0
					],
					[
						74833.3333333334,
						3,
						0
					],
					[
						75000,
						2,
						0
					],
					[
						75166.6666666667,
						3,
						0
					],
					[
						75333.3333333334,
						0,
						0
					],
					[
						75500,
						3,
						0
					],
					[
						75666.6666666667,
						2,
						0
					],
					[
						75833.3333333334,
						3,
						0
					]
				],
				"altAnim": false,
				"bpm": 180,
				"changeBPM": false,
				"mustHitSection": true
			},
			{
				"lengthInSteps": 16,
				"typeOfSection": 0,
				"sectionNotes": [
					[
						76000,
						1,
						0
					],
					[
						76166.6666666667,
						3,
						0
					],
					[
						76333.3333333334,
						2,
						0
					],
					[
						76500,
						0,
						0
					],
					[
						76666.6666666667,
						3,
						0
					],
					[
						76833.3333333334,
						1,
						0
					],
					[
						77000,
						0,
						0
					],
					[
						77166.6666666667,
						2,
						0
					]
				],
				"altAnim": false,
				"bpm": 180,
				"changeBPM": false,
				"mustHitSection": true
			},
			{
				"lengthInSteps": 16,
				"typeOfSection": 0,
				"sectionNotes": [
					[
						77333.3333333334,
						1,
						0
					],
					[
						77500,
						0,
						0
					],
					[
						77666.6666666667,
						1,
						0
					],
					[
						77833.3333333334,
						3,
						0
					],
					[
						78000,
						1,
						0
					],
					[
						78333.3333333334,
						1,
						0
					],
					[
						78166.6666666667,
						3,
						0
					],
					[
						78500,
						2,
						0
					]
				],
				"altAnim": false,
				"bpm": 180,
				"changeBPM": false,
				"mustHitSection": true
			},
			{
				"lengthInSteps": 16,
				"typeOfSection": 0,
				"sectionNotes": [
					[
						78666.6666666667,
						0,
						0
					],
					[
						78833.3333333334,
						0,
						0
					],
					[
						79000,
						3,
						0
					],
					[
						79166.6666666667,
						2,
						0
					],
					[
						79333.3333333334,
						0,
						0
					],
					[
						79500,
						1,
						0
					],
					[
						79666.6666666667,
						3,
						0
					],
					[
						79833.3333333334,
						1,
						0
					]
				],
				"altAnim": false,
				"bpm": 180,
				"changeBPM": false,
				"mustHitSection": true
			},
			{
				"lengthInSteps": 16,
				"typeOfSection": 0,
				"sectionNotes": [
					[
						80000,
						0,
						0
					],
					[
						80166.6666666667,
						3,
						0
					],
					[
						80333.3333333334,
						2,
						0
					],
					[
						80500,
						3,
						0
					],
					[
						80833.3333333334,
						3,
						0
					],
					[
						81000,
						2,
						0
					],
					[
						81166.6666666667,
						3,
						0
					],
					[
						80666.6666666667,
						1,
						0
					],
					[
						80083.3333333333,
						-1,
						"boxOpen",
						"blasters_s",
						""
					]
				],
				"altAnim": false,
				"bpm": 180,
				"changeBPM": false,
				"mustHitSection": false
			},
			{
				"lengthInSteps": 16,
				"typeOfSection": 0,
				"sectionNotes": [
					[
						81333.3333333334,
						1,
						0
					],
					[
						81500,
						3,
						0
					],
					[
						81666.6666666667,
						2,
						0
					],
					[
						81833.3333333334,
						0,
						0
					],
					[
						82166.6666666667,
						1,
						0
					],
					[
						82333.3333333334,
						0,
						0
					],
					[
						82500,
						2,
						0
					],
					[
						82000,
						2,
						0
					]
				],
				"altAnim": false,
				"bpm": 180,
				"changeBPM": false,
				"mustHitSection": false
			},
			{
				"lengthInSteps": 16,
				"typeOfSection": 0,
				"sectionNotes": [
					[
						82666.6666666667,
						1,
						0
					],
					[
						82833.3333333334,
						0,
						0
					],
					[
						83000,
						1,
						0
					],
					[
						83166.6666666667,
						3,
						0
					],
					[
						83333.3333333334,
						1,
						0
					],
					[
						83666.6666666667,
						1,
						0
					],
					[
						83500,
						3,
						0
					],
					[
						83833.3333333334,
						2,
						0
					]
				],
				"altAnim": false,
				"bpm": 180,
				"changeBPM": false,
				"mustHitSection": false
			},
			{
				"lengthInSteps": 16,
				"typeOfSection": 0,
				"sectionNotes": [
					[
						84000,
						0,
						0
					],
					[
						84166.6666666667,
						0,
						0
					],
					[
						84333.3333333333,
						3,
						0
					],
					[
						84500,
						2,
						0
					],
					[
						84666.6666666667,
						0,
						0
					],
					[
						84833.3333333333,
						1,
						0
					],
					[
						85000,
						3,
						0
					],
					[
						85166.6666666667,
						1,
						0
					],
					[
						85166.6666666667,
						-1,
						"boxClose",
						"blasters_s",
						""
					]
				],
				"altAnim": false,
				"bpm": 180,
				"changeBPM": false,
				"mustHitSection": false
			},
			{
				"lengthInSteps": 16,
				"typeOfSection": 0,
				"sectionNotes": [
					[
						85333.3333333334,
						0,
						0
					],
					[
						85500,
						3,
						0
					],
					[
						85666.6666666667,
						2,
						0
					],
					[
						85833.3333333334,
						3,
						0
					],
					[
						86166.6666666667,
						3,
						0
					],
					[
						86333.3333333334,
						2,
						0
					],
					[
						86500,
						3,
						0
					],
					[
						86000,
						1,
						0
					]
				],
				"altAnim": false,
				"bpm": 180,
				"changeBPM": false,
				"mustHitSection": true
			},
			{
				"lengthInSteps": 16,
				"typeOfSection": 0,
				"sectionNotes": [
					[
						86666.6666666667,
						1,
						0
					],
					[
						86833.3333333334,
						3,
						0
					],
					[
						87000,
						2,
						0
					],
					[
						87166.6666666667,
						0,
						0
					],
					[
						87500,
						1,
						0
					],
					[
						87666.6666666667,
						0,
						0
					],
					[
						87833.3333333334,
						2,
						0
					],
					[
						87333.3333333333,
						2,
						0
					]
				],
				"altAnim": false,
				"bpm": 180,
				"changeBPM": false,
				"mustHitSection": true
			},
			{
				"lengthInSteps": 16,
				"typeOfSection": 0,
				"sectionNotes": [
					[
						88000,
						1,
						0
					],
					[
						88166.6666666667,
						0,
						0
					],
					[
						88333.3333333333,
						1,
						0
					],
					[
						88500,
						3,
						0
					],
					[
						88666.6666666667,
						1,
						0
					],
					[
						89000,
						1,
						0
					],
					[
						88833.3333333333,
						3,
						0
					],
					[
						89166.6666666667,
						2,
						0
					]
				],
				"altAnim": false,
				"bpm": 180,
				"changeBPM": false,
				"mustHitSection": true
			},
			{
				"lengthInSteps": 16,
				"typeOfSection": 0,
				"sectionNotes": [
					[
						89333.3333333333,
						0,
						0
					],
					[
						89500,
						0,
						0
					],
					[
						89666.6666666667,
						3,
						0
					],
					[
						89833.3333333333,
						2,
						0
					],
					[
						90000,
						0,
						0
					],
					[
						90166.6666666667,
						1,
						0
					],
					[
						90333.3333333333,
						3,
						0
					],
					[
						90500,
						1,
						0
					]
				],
				"altAnim": false,
				"bpm": 180,
				"changeBPM": false,
				"mustHitSection": true
			},
			{
				"lengthInSteps": 16,
				"typeOfSection": 0,
				"sectionNotes": [],
				"altAnim": false,
				"bpm": 180,
				"changeBPM": false,
				"mustHitSection": false
			},
			{
				"lengthInSteps": 16,
				"typeOfSection": 0,
				"sectionNotes": [
					[
						92666.6666666666,
						-1,
						"boxOpen",
						"",
						""
					]
				],
				"altAnim": false,
				"bpm": 180,
				"changeBPM": false,
				"mustHitSection": true
			},
			{
				"lengthInSteps": 16,
				"typeOfSection": 0,
				"sectionNotes": [
					[
						93333.3333333333,
						3,
						166.666666666667
					],
					[
						93666.6666666667,
						0,
						166.666666666667
					],
					[
						94000,
						1,
						0
					],
					[
						94166.6666666667,
						3,
						0
					],
					[
						94333.3333333333,
						2,
						0
					],
					[
						94500,
						0,
						166.666666666667
					],
					[
						93333.3333333333,
						-1,
						"boxOpen",
						"leftsine",
						"reversed"
					]
				],
				"altAnim": false,
				"bpm": 180,
				"changeBPM": false,
				"mustHitSection": false
			},
			{
				"lengthInSteps": 16,
				"typeOfSection": 0,
				"sectionNotes": [
					[
						94833.3333333333,
						1,
						0
					],
					[
						95000,
						3,
						0
					],
					[
						95166.6666666667,
						0,
						166.666666666667
					],
					[
						95500,
						1,
						0
					],
					[
						95666.6666666667,
						3,
						0
					],
					[
						95833.3333333333,
						1,
						0
					]
				],
				"altAnim": false,
				"bpm": 180,
				"changeBPM": false,
				"mustHitSection": false
			},
			{
				"lengthInSteps": 16,
				"typeOfSection": 0,
				"sectionNotes": [
					[
						96000,
						2,
						166.666666666667
					],
					[
						96333.3333333333,
						0,
						0
					],
					[
						96500,
						2,
						0
					],
					[
						96833.3333333333,
						3,
						0
					],
					[
						97000,
						1,
						333.333333333333
					],
					[
						95999.9999999999,
						-1,
						"boxOpen",
						"hops",
						""
					]
				],
				"altAnim": false,
				"bpm": 180,
				"changeBPM": false,
				"mustHitSection": false
			},
			{
				"lengthInSteps": 16,
				"typeOfSection": 0,
				"sectionNotes": [
					[
						97500,
						0,
						0
					],
					[
						97666.6666666667,
						1,
						0
					],
					[
						97833.3333333333,
						3,
						0
					],
					[
						98000,
						2,
						0
					],
					[
						98166.6666666667,
						3,
						0
					],
					[
						98333.3333333333,
						0,
						0
					],
					[
						98500,
						3,
						0
					]
				],
				"altAnim": false,
				"bpm": 180,
				"changeBPM": false,
				"mustHitSection": false
			},
			{
				"lengthInSteps": 16,
				"typeOfSection": 0,
				"sectionNotes": [
					[
						99333.3333333333,
						1,
						0
					],
					[
						99500,
						3,
						0
					],
					[
						99666.6666666667,
						2,
						0
					],
					[
						98666.6666666667,
						0,
						166.666666666667
					],
					[
						99000,
						3,
						166.666666666667
					],
					[
						99833.3333333333,
						1,
						166.666666666667
					],
					[
						98666.6666666666,
						-1,
						"boxOpen",
						"twirl",
						""
					]
				],
				"altAnim": false,
				"bpm": 180,
				"changeBPM": false,
				"mustHitSection": false
			},
			{
				"lengthInSteps": 16,
				"typeOfSection": 0,
				"sectionNotes": [
					[
						100166.666666667,
						1,
						0
					],
					[
						100333.333333333,
						3,
						0
					],
					[
						100500,
						0,
						166.666666666667
					],
					[
						100833.333333333,
						1,
						0
					],
					[
						101166.666666667,
						1,
						0
					],
					[
						101000,
						3,
						0
					]
				],
				"altAnim": false,
				"bpm": 180,
				"changeBPM": false,
				"mustHitSection": false
			},
			{
				"lengthInSteps": 16,
				"typeOfSection": 0,
				"sectionNotes": [
					[
						101333.333333333,
						2,
						166.666666666667
					],
					[
						101666.666666667,
						0,
						0
					],
					[
						101833.333333333,
						2,
						0
					],
					[
						102166.666666667,
						3,
						0
					],
					[
						102333.333333333,
						1,
						333.333333333333
					],
					[
						101333.333333333,
						-1,
						"setAttack",
						"blasters",
						""
					]
				],
				"altAnim": false,
				"bpm": 180,
				"changeBPM": false,
				"mustHitSection": false
			},
			{
				"lengthInSteps": 16,
				"typeOfSection": 0,
				"sectionNotes": [
					[
						102833.333333333,
						0,
						0
					],
					[
						103000,
						1,
						0
					],
					[
						103166.666666667,
						3,
						0
					],
					[
						103333.333333333,
						2,
						0
					],
					[
						103500,
						3,
						0
					],
					[
						103666.666666667,
						0,
						0
					],
					[
						103833.333333333,
						2,
						0
					],
					[
						103833.333333333,
						-1,
						"boxClose",
						"",
						""
					]
				],
				"altAnim": false,
				"bpm": 180,
				"changeBPM": false,
				"mustHitSection": false
			},
			{
				"lengthInSteps": 16,
				"typeOfSection": 0,
				"sectionNotes": [
					[
						104000,
						3,
						166.666666666667
					],
					[
						104333.333333333,
						0,
						166.666666666667
					],
					[
						104666.666666667,
						1,
						0
					],
					[
						104833.333333333,
						3,
						0
					],
					[
						105000,
						2,
						0
					],
					[
						105166.666666667,
						0,
						166.666666666667
					]
				],
				"altAnim": false,
				"bpm": 180,
				"changeBPM": false,
				"mustHitSection": true
			},
			{
				"lengthInSteps": 16,
				"typeOfSection": 0,
				"sectionNotes": [
					[
						105500,
						1,
						0
					],
					[
						105666.666666667,
						3,
						0
					],
					[
						105833.333333333,
						0,
						166.666666666667
					],
					[
						106166.666666667,
						1,
						0
					],
					[
						106333.333333333,
						3,
						0
					],
					[
						106500,
						1,
						0
					]
				],
				"altAnim": false,
				"bpm": 180,
				"changeBPM": false,
				"mustHitSection": true
			},
			{
				"lengthInSteps": 16,
				"typeOfSection": 0,
				"sectionNotes": [
					[
						106666.666666667,
						2,
						166.666666666667
					],
					[
						107000,
						0,
						0
					],
					[
						107166.666666667,
						2,
						0
					],
					[
						107500,
						3,
						0
					],
					[
						107666.666666667,
						1,
						333.333333333333
					]
				],
				"altAnim": false,
				"bpm": 180,
				"changeBPM": false,
				"mustHitSection": true
			},
			{
				"lengthInSteps": 16,
				"typeOfSection": 0,
				"sectionNotes": [
					[
						108166.666666667,
						0,
						0
					],
					[
						108333.333333333,
						1,
						0
					],
					[
						108500,
						3,
						0
					],
					[
						108666.666666667,
						2,
						0
					],
					[
						108833.333333333,
						3,
						0
					],
					[
						109000,
						0,
						0
					],
					[
						109166.666666667,
						3,
						0
					]
				],
				"altAnim": false,
				"bpm": 180,
				"changeBPM": false,
				"mustHitSection": true
			},
			{
				"lengthInSteps": 16,
				"typeOfSection": 0,
				"sectionNotes": [
					[
						110000,
						1,
						0
					],
					[
						110166.666666667,
						3,
						0
					],
					[
						110333.333333333,
						2,
						0
					],
					[
						109333.333333333,
						0,
						166.666666666667
					],
					[
						109666.666666667,
						3,
						166.666666666667
					],
					[
						110500,
						1,
						166.666666666667
					]
				],
				"altAnim": false,
				"bpm": 180,
				"changeBPM": false,
				"mustHitSection": true
			},
			{
				"lengthInSteps": 16,
				"typeOfSection": 0,
				"sectionNotes": [
					[
						110833.333333333,
						1,
						0
					],
					[
						111000,
						3,
						0
					],
					[
						111166.666666667,
						0,
						166.666666666667
					],
					[
						111500,
						1,
						0
					],
					[
						111833.333333333,
						1,
						0
					],
					[
						111666.666666667,
						3,
						0
					]
				],
				"altAnim": false,
				"bpm": 180,
				"changeBPM": false,
				"mustHitSection": true
			},
			{
				"lengthInSteps": 16,
				"typeOfSection": 0,
				"sectionNotes": [
					[
						112000,
						2,
						166.666666666667
					],
					[
						112333.333333333,
						0,
						0
					],
					[
						112500,
						2,
						0
					],
					[
						112833.333333333,
						3,
						0
					],
					[
						113000,
						1,
						333.333333333333
					]
				],
				"altAnim": false,
				"bpm": 180,
				"changeBPM": false,
				"mustHitSection": true
			},
			{
				"lengthInSteps": 16,
				"typeOfSection": 0,
				"sectionNotes": [
					[
						113500,
						0,
						0
					],
					[
						113666.666666667,
						1,
						0
					],
					[
						113833.333333333,
						3,
						0
					],
					[
						114000,
						2,
						0
					],
					[
						114166.666666667,
						3,
						0
					],
					[
						114333.333333333,
						0,
						0
					],
					[
						114500,
						2,
						0
					]
				],
				"altAnim": false,
				"bpm": 180,
				"changeBPM": false,
				"mustHitSection": true
			},
			{
				"lengthInSteps": 16,
				"typeOfSection": 0,
				"sectionNotes": [
					[
						114666.666666667,
						7,
						166.666666666667
					],
					[
						115000,
						4,
						166.666666666667
					],
					[
						115333.333333333,
						5,
						0
					],
					[
						115500,
						7,
						0
					],
					[
						115666.666666667,
						6,
						0
					],
					[
						115833.333333333,
						4,
						166.666666666667
					],
					[
						115333.333333333,
						1,
						0
					],
					[
						115500,
						3,
						0
					],
					[
						115666.666666667,
						2,
						0
					],
					[
						114666.666666667,
						0,
						166.666666666667
					],
					[
						115000,
						3,
						166.666666666667
					],
					[
						115833.333333333,
						1,
						166.666666666667
					]
				],
				"altAnim": false,
				"bpm": 180,
				"changeBPM": false,
				"mustHitSection": false
			},
			{
				"lengthInSteps": 16,
				"typeOfSection": 0,
				"sectionNotes": [
					[
						116166.666666667,
						5,
						0
					],
					[
						116333.333333333,
						7,
						0
					],
					[
						116500,
						4,
						166.666666666667
					],
					[
						116833.333333333,
						5,
						0
					],
					[
						117000,
						7,
						0
					],
					[
						117166.666666667,
						5,
						0
					],
					[
						116166.666666667,
						1,
						0
					],
					[
						116333.333333333,
						3,
						0
					],
					[
						116500,
						0,
						166.666666666667
					],
					[
						116833.333333333,
						1,
						0
					],
					[
						117166.666666667,
						1,
						0
					],
					[
						117000,
						3,
						0
					]
				],
				"altAnim": false,
				"bpm": 180,
				"changeBPM": false,
				"mustHitSection": false
			},
			{
				"lengthInSteps": 16,
				"typeOfSection": 0,
				"sectionNotes": [
					[
						117333.333333333,
						6,
						166.666666666667
					],
					[
						117666.666666667,
						4,
						0
					],
					[
						117833.333333333,
						6,
						0
					],
					[
						118166.666666667,
						7,
						0
					],
					[
						118333.333333333,
						5,
						333.333333333333
					],
					[
						117333.333333333,
						2,
						166.666666666667
					],
					[
						117666.666666667,
						0,
						0
					],
					[
						117833.333333333,
						2,
						0
					],
					[
						118166.666666667,
						3,
						0
					],
					[
						118333.333333333,
						1,
						333.333333333333
					]
				],
				"altAnim": false,
				"bpm": 180,
				"changeBPM": false,
				"mustHitSection": false
			},
			{
				"lengthInSteps": 16,
				"typeOfSection": 0,
				"sectionNotes": [
					[
						118833.333333333,
						4,
						0
					],
					[
						119000,
						5,
						0
					],
					[
						119166.666666667,
						7,
						0
					],
					[
						119333.333333333,
						6,
						0
					],
					[
						119500,
						7,
						0
					],
					[
						119666.666666667,
						4,
						0
					],
					[
						119833.333333333,
						7,
						0
					],
					[
						118833.333333333,
						0,
						0
					],
					[
						119000,
						1,
						0
					],
					[
						119166.666666667,
						3,
						0
					],
					[
						119333.333333333,
						2,
						0
					],
					[
						119500,
						3,
						0
					],
					[
						119666.666666667,
						0,
						0
					],
					[
						119833.333333333,
						2,
						0
					]
				],
				"altAnim": false,
				"bpm": 180,
				"changeBPM": false,
				"mustHitSection": false
			},
			{
				"lengthInSteps": 16,
				"typeOfSection": 0,
				"sectionNotes": [
					[
						120000,
						7,
						166.666666666667
					],
					[
						120333.333333333,
						4,
						166.666666666667
					],
					[
						120666.666666667,
						5,
						0
					],
					[
						120833.333333333,
						7,
						0
					],
					[
						121000,
						6,
						0
					],
					[
						121166.666666667,
						4,
						166.666666666667
					],
					[
						120666.666666667,
						1,
						0
					],
					[
						120833.333333333,
						3,
						0
					],
					[
						121000,
						2,
						0
					],
					[
						120000,
						0,
						166.666666666667
					],
					[
						120333.333333333,
						3,
						166.666666666667
					],
					[
						121166.666666667,
						1,
						166.666666666667
					]
				],
				"altAnim": false,
				"bpm": 180,
				"changeBPM": false,
				"mustHitSection": true
			},
			{
				"lengthInSteps": 16,
				"typeOfSection": 0,
				"sectionNotes": [
					[
						121500,
						5,
						0
					],
					[
						121666.666666667,
						7,
						0
					],
					[
						121833.333333333,
						4,
						166.666666666667
					],
					[
						122166.666666667,
						5,
						0
					],
					[
						122333.333333333,
						7,
						0
					],
					[
						122500,
						5,
						0
					],
					[
						121500,
						1,
						0
					],
					[
						121666.666666667,
						3,
						0
					],
					[
						121833.333333333,
						0,
						166.666666666667
					],
					[
						122166.666666667,
						1,
						0
					],
					[
						122500,
						1,
						0
					],
					[
						122333.333333333,
						3,
						0
					]
				],
				"altAnim": false,
				"bpm": 180,
				"changeBPM": false,
				"mustHitSection": true
			},
			{
				"lengthInSteps": 16,
				"typeOfSection": 0,
				"sectionNotes": [
					[
						122666.666666667,
						6,
						166.666666666667
					],
					[
						123000,
						4,
						0
					],
					[
						123166.666666667,
						6,
						0
					],
					[
						123500,
						7,
						0
					],
					[
						123666.666666667,
						5,
						333.333333333333
					],
					[
						122666.666666667,
						2,
						166.666666666667
					],
					[
						123000,
						0,
						0
					],
					[
						123166.666666667,
						2,
						0
					],
					[
						123500,
						3,
						0
					],
					[
						123666.666666667,
						1,
						333.333333333333
					]
				],
				"altAnim": false,
				"bpm": 180,
				"changeBPM": false,
				"mustHitSection": true
			},
			{
				"lengthInSteps": 16,
				"typeOfSection": 0,
				"sectionNotes": [
					[
						124166.666666667,
						4,
						0
					],
					[
						124333.333333333,
						5,
						0
					],
					[
						124500,
						7,
						0
					],
					[
						124666.666666667,
						6,
						0
					],
					[
						124833.333333333,
						7,
						0
					],
					[
						125000,
						4,
						0
					],
					[
						125166.666666667,
						7,
						0
					],
					[
						124166.666666667,
						0,
						0
					],
					[
						124333.333333333,
						1,
						0
					],
					[
						124500,
						3,
						0
					],
					[
						124666.666666667,
						2,
						0
					],
					[
						124833.333333333,
						3,
						0
					],
					[
						125000,
						0,
						0
					],
					[
						125166.666666667,
						2,
						0
					]
				],
				"altAnim": false,
				"bpm": 180,
				"changeBPM": false,
				"mustHitSection": true
			},
			{
				"lengthInSteps": 16,
				"typeOfSection": 0,
				"sectionNotes": [],
				"altAnim": false,
				"bpm": 180,
				"changeBPM": false,
				"mustHitSection": false
			},
			{
				"lengthInSteps": 16,
				"typeOfSection": 0,
				"sectionNotes": [],
				"altAnim": false,
				"bpm": 180,
				"changeBPM": false,
				"mustHitSection": true
			},
			{
				"lengthInSteps": 16,
				"typeOfSection": 0,
				"sectionNotes": [],
				"altAnim": false,
				"bpm": 180,
				"changeBPM": false,
				"mustHitSection": true
			},
			{
				"lengthInSteps": 16,
				"typeOfSection": 0,
				"sectionNotes": [],
				"altAnim": false,
				"bpm": 180,
				"changeBPM": false,
				"mustHitSection": true
			},
			{
				"sectionNotes": [],
				"typeOfSection": 0,
				"lengthInSteps": 16,
				"altAnim": false,
				"mustHitSection": true,
				"changeBPM": false,
				"bpm": 180
			},
			{
				"lengthInSteps": 16,
				"typeOfSection": 0,
				"sectionNotes": [],
				"altAnim": false,
				"gfSection": false,
				"bpm": 180,
				"changeBPM": false,
				"mustHitSection": true
			},
			{
				"lengthInSteps": 16,
				"typeOfSection": 0,
				"sectionNotes": [],
				"altAnim": false,
				"gfSection": false,
				"bpm": 180,
				"changeBPM": false,
				"mustHitSection": true
			},
			{
				"lengthInSteps": 16,
				"typeOfSection": 0,
				"sectionNotes": [],
				"altAnim": false,
				"gfSection": false,
				"bpm": 180,
				"changeBPM": false,
				"mustHitSection": true
			},
			{
				"lengthInSteps": 16,
				"typeOfSection": 0,
				"sectionNotes": [],
				"altAnim": false,
				"gfSection": false,
				"bpm": 180,
				"changeBPM": false,
				"mustHitSection": true
			},
			{
				"lengthInSteps": 16,
				"typeOfSection": 0,
				"sectionNotes": [],
				"altAnim": false,
				"gfSection": false,
				"bpm": 180,
				"changeBPM": false,
				"mustHitSection": true
			},
			{
				"lengthInSteps": 16,
				"typeOfSection": 0,
				"sectionNotes": [],
				"altAnim": false,
				"gfSection": false,
				"bpm": 180,
				"changeBPM": false,
				"mustHitSection": true
			},
			{
				"lengthInSteps": 16,
				"typeOfSection": 0,
				"sectionNotes": [],
				"altAnim": false,
				"gfSection": false,
				"bpm": 180,
				"changeBPM": false,
				"mustHitSection": true
			},
			{
				"lengthInSteps": 16,
				"typeOfSection": 0,
				"sectionNotes": [],
				"altAnim": false,
				"gfSection": false,
				"bpm": 180,
				"changeBPM": false,
				"mustHitSection": true
			},
			{
				"lengthInSteps": 16,
				"typeOfSection": 0,
				"sectionNotes": [],
				"altAnim": false,
				"gfSection": false,
				"bpm": 180,
				"changeBPM": false,
				"mustHitSection": true
			},
			{
				"lengthInSteps": 16,
				"typeOfSection": 0,
				"sectionNotes": [],
				"altAnim": false,
				"gfSection": false,
				"bpm": 180,
				"changeBPM": false,
				"mustHitSection": true
			},
			{
				"sectionNotes": [],
				"typeOfSection": 0,
				"lengthInSteps": 16,
				"gfSection": false,
				"altAnim": false,
				"mustHitSection": true,
				"changeBPM": false,
				"bpm": 180
			},
			{
				"lengthInSteps": 16,
				"typeOfSection": 0,
				"sectionNotes": [],
				"altAnim": false,
				"gfSection": false,
				"bpm": 180,
				"changeBPM": false,
				"mustHitSection": true
			},
			{
				"sectionNotes": [],
				"typeOfSection": 0,
				"lengthInSteps": 16,
				"gfSection": false,
				"altAnim": false,
				"mustHitSection": true,
				"changeBPM": false,
				"bpm": 180
			},
			{
				"sectionNotes": [],
				"typeOfSection": 0,
				"lengthInSteps": 16,
				"gfSection": false,
				"altAnim": false,
				"mustHitSection": true,
				"changeBPM": false,
				"bpm": 180
			},
			{
				"sectionNotes": [],
				"typeOfSection": 0,
				"lengthInSteps": 16,
				"gfSection": false,
				"altAnim": false,
				"mustHitSection": true,
				"changeBPM": false,
				"bpm": 180
			},
			{
				"lengthInSteps": 16,
				"typeOfSection": 0,
				"sectionNotes": [],
				"altAnim": false,
				"gfSection": false,
				"bpm": 180,
				"changeBPM": false,
				"mustHitSection": true
			},
			{
				"lengthInSteps": 16,
				"typeOfSection": 0,
				"sectionNotes": [],
				"altAnim": false,
				"gfSection": false,
				"bpm": 180,
				"changeBPM": false,
				"mustHitSection": true
			},
			{
				"lengthInSteps": 16,
				"typeOfSection": 0,
				"sectionNotes": [],
				"altAnim": false,
				"gfSection": false,
				"bpm": 180,
				"changeBPM": false,
				"mustHitSection": true
			},
			{
				"sectionNotes": [],
				"typeOfSection": 0,
				"lengthInSteps": 16,
				"gfSection": false,
				"altAnim": false,
				"mustHitSection": true,
				"changeBPM": false,
				"bpm": 180
			},
			{
				"gfSection": false,
				"lengthInSteps": 16,
				"altAnim": false,
				"typeOfSection": 0,
				"sectionNotes": [],
				"bpm": 180,
				"changeBPM": false,
				"mustHitSection": true
			}
		],
		"player2": "sans",
		"player3": "gf-pixel",
		"song": "Fracture",
		"stage": "out",
		"needsVoices": true,
		"validScore": true,
		"bpm": 180,
		"speed": 2.7
	}
}