﻿<?xml version="1.0" encoding="utf-8"?>
<TextureAtlas imagePath="pere.png">
	<!-- Created with Adobe Animate version 21.0.0.35450 -->
	<!-- http://www.adobe.com/products/animate.html -->
	<SubTexture name="down0000" x="10" y="358" width="96" height="96"/>
	<SubTexture name="down0001" x="10" y="474" width="96" height="96"/>
	<SubTexture name="down0002" x="10" y="590" width="96" height="96"/>
	<SubTexture name="down0003" x="10" y="590" width="96" height="96"/>
	<SubTexture name="down0004" x="10" y="590" width="96" height="96"/>
	<SubTexture name="down0005" x="10" y="590" width="96" height="96"/>
	<SubTexture name="idle0000" x="126" y="474" width="96" height="96"/>
	<SubTexture name="idle0001" x="126" y="590" width="96" height="96"/>
	<SubTexture name="idle0002" x="126" y="706" width="96" height="96"/>
	<SubTexture name="idle0003" x="126" y="822" width="96" height="96"/>
	<SubTexture name="idle0004" x="242" y="10" width="96" height="96"/>
	<SubTexture name="idle0005" x="242" y="126" width="96" height="96"/>
	<SubTexture name="idle0006" x="242" y="242" width="96" height="96"/>
	<SubTexture name="idle0007" x="242" y="358" width="96" height="96"/>
	<SubTexture name="idle0008" x="242" y="474" width="96" height="96"/>
	<SubTexture name="idle0009" x="242" y="590" width="96" height="96"/>
	<SubTexture name="idle0010" x="242" y="706" width="96" height="96"/>
	<SubTexture name="idle0011" x="242" y="822" width="96" height="96"/>
	<SubTexture name="idle0012" x="358" y="10" width="96" height="96"/>
	<SubTexture name="idle0013" x="358" y="126" width="96" height="96"/>
	<SubTexture name="idle0014" x="358" y="242" width="96" height="96"/>
	<SubTexture name="left0000" x="126" y="126" width="96" height="96"/>
	<SubTexture name="left0001" x="126" y="242" width="96" height="96"/>
	<SubTexture name="left0002" x="126" y="358" width="96" height="96"/>
	<SubTexture name="left0003" x="126" y="358" width="96" height="96"/>
	<SubTexture name="left0004" x="126" y="358" width="96" height="96"/>
	<SubTexture name="left0005" x="126" y="358" width="96" height="96"/>
	<SubTexture name="right0000" x="10" y="10" width="96" height="96"/>
	<SubTexture name="right0001" x="10" y="126" width="96" height="96"/>
	<SubTexture name="right0002" x="10" y="242" width="96" height="96"/>
	<SubTexture name="right0003" x="10" y="242" width="96" height="96"/>
	<SubTexture name="right0004" x="10" y="242" width="96" height="96"/>
	<SubTexture name="right0005" x="10" y="242" width="96" height="96"/>
	<SubTexture name="up0000" x="10" y="706" width="96" height="96"/>
	<SubTexture name="up0001" x="10" y="822" width="96" height="96"/>
	<SubTexture name="up0002" x="126" y="10" width="96" height="96"/>
	<SubTexture name="up0003" x="126" y="10" width="96" height="96"/>
	<SubTexture name="up0004" x="126" y="10" width="96" height="96"/>
	<SubTexture name="up0005" x="126" y="10" width="96" height="96"/>
</TextureAtlas>
