{
	"animations": [
		{
			"offsets": [
				7,
				0
			],
			"loop": false,
			"anim": "idle",
			"fps": 24,
			"name": "BF IDLE",
			"indices": []
		},
		{
			"offsets": [
				0,
				0
			],
			"loop": false,
			"fps": 24,
			"anim": "singLEFTmiss",
			"indices": [],
			"name": "BF LEFT MISS"
		},
		{
			"offsets": [
				0,
				0
			],
			"loop": false,
			"fps": 24,
			"anim": "singLEFT",
			"indices": [],
			"name": "BF LEFT NOTE"
		},
		{
			"offsets": [
				0,
				0
			],
			"loop": false,
			"fps": 24,
			"anim": "singUPmiss",
			"indices": [],
			"name": "BF UP MISS"
		},
		{
			"offsets": [
				0,
				0
			],
			"loop": false,
			"fps": 24,
			"anim": "singUP",
			"indices": [],
			"name": "BF UP NOTE"
		},
		{
			"offsets": [
				0,
				0
			],
			"loop": false,
			"fps": 24,
			"anim": "singRIGHT",
			"indices": [],
			"name": "BF RIGHT NOTE"
		},
		{
			"offsets": [
				0,
				0
			],
			"loop": false,
			"fps": 24,
			"anim": "singRIGHTmiss",
			"indices": [],
			"name": "BF RIGHT MISS"
		},
		{
			"offsets": [
				0,
				0
			],
			"loop": false,
			"fps": 24,
			"anim": "singDOWN",
			"indices": [],
			"name": "BF DOWN NOTE"
		},
		{
			"offsets": [
				0,
				0
			],
			"loop": false,
			"fps": 24,
			"anim": "singDOWNmiss",
			"indices": [],
			"name": "BF DOWN MISS"
		}
	],
	"no_antialiasing": true,
	"image": "characters/bfPixel",
	"position": [
		0,
		350
	],
	"healthicon": "bf-pixel",
	"flip_x": true,
	"healthbar_colors": [
		123,
		214,
		246
	],
	"camera_position": [
		370,
		-150
	],
	"sing_duration": 4,
	"scale": 6
}