{
	"animations": [
		{
			"offsets": [
				1,
				0
			],
			"loop": false,
			"fps": 13,
			"anim": "singUP",
			"indices": [],
			"name": "up"
		},
		{
			"offsets": [
				1,
				0
			],
			"loop": false,
			"fps": 13,
			"anim": "singRIGHT",
			"indices": [],
			"name": "right"
		},
		{
			"offsets": [
				1,
				0
			],
			"loop": false,
			"fps": 13,
			"anim": "singLEFT",
			"indices": [],
			"name": "left"
		},
		{
			"offsets": [
				1,
				0
			],
			"loop": false,
			"fps": 13,
			"anim": "singDOWN",
			"indices": [],
			"name": "down"
		},
		{
			"loop": false,
			"offsets": [
				1,
				0
			],
			"anim": "idle",
			"fps": 13,
			"name": "idle",
			"indices": []
		}
	],
	"no_antialiasing": true,
	"image": "characters/pere",
	"position": [
		150,
		360
	],
	"healthicon": "cringe",
	"flip_x": false,
	"healthbar_colors": [
		50,
		170,
		255
	],
	"camera_position": [
		-210,
		-180
	],
	"sing_duration": 4,
	"scale": 6
}